<?xml version="1.0" encoding="UTF-8"?>

<beans xmlns="http://www.springframework.org/schema/beans"
       xmlns:context="http://www.springframework.org/schema/context"
       xmlns:util="http://www.springframework.org/schema/util"

       xmlns:xsi="http://www.w3.org/2001/XMLSchema-instance"
       xmlns:p="http://www.springframework.org/schema/p"
       xmlns:tx="http://www.springframework.org/schema/tx"
       xsi:schemaLocation="http://www.springframework.org/schema/beans
                    https://www.springframework.org/schema/beans/spring-beans.xsd
                    http://www.springframework.org/schema/context
                    https://www.springframework.org/schema/context/spring-context.xsd
                    http://www.springframework.org/schema/util
                    https://www.springframework.org/schema/util/spring-util.xsd
                    http://www.springframework.org/schema/tx
                    https://www.springframework.org/schema/tx/spring-tx.xsd">

    <context:component-scan base-package="springmvc"/>
    <tx:annotation-driven/>
    
    
    <bean class="org.springframework.web.servlet.view.InternalResourceViewResolver" name="viewResolver">
        <property name="prefix" value="/WEB-INF/views/"/>   <!--/WEB-INF/views/     .jsp-->
        <property name="suffix" value=".jsp"/>       
    </bean>
    
    
    
     <bean class="org.springframework.jdbc.datasource.DriverManagerDataSource" name="ds">
        <property name="driverClassName" value="com.mysql.cj.jdbc.Driver"/>
        <property name="url" value="jdbc:mysql://localhost:3306/springorm"/>
        <property name="username" value="root"/>
        <property name="password" value="root"/>
        
    </bean>
    
     <bean class="org.springframework.orm.hibernate5.LocalSessionFactoryBean" name="Lfactory">
        
      <!-- Data sources-->
      <property name="dataSource" ref="ds"/>
      
       <!-- Hibernate properties-->
      <property name="hibernateProperties">
          <props>
              <prop key="hibernate.dialect">org.hibernate.dialect.MySQL8Dialect</prop>
              <prop key="hibernate.show_sql">true</prop>
              <prop key="hibernate.hbm2ddl.auto">update</prop>

          </props>
      </property>
      
       <!-- Anotated classes-->
      <property name="annotatedClasses">
              <list>
                  <value>springmvc.model.User</value>  
              </list>
      </property>
        
    </bean>
    
    
       <bean class="org.springframework.orm.hibernate5.HibernateTemplate" name="hibernateTemplate">
         <property name="sessionFactory" ref="Lfactory"/>
        <!--<constructor-arg name="sessionFactory" ref="Lfactory"/>-->
        
    </bean>
    
<bean class="org.springframework.orm.hibernate5.HibernateTransactionManager"  name="transactionManager" >
        <property name="sessionFactory" ref="Lfactory"/>
    </bean>
    
</beans>
